comparison,mean_similarity,cohens_d,p_value
fig_vs_cross,0.1308237612247467,0.024583137,0.18700994149378225
lit_vs_cross,0.1453038603067398,0.1918151,6.778419863295796e-19
