idiomatic_mean,literal_mean,difference_mean,prop_prefers_literal,cohens_d,p_value
0.3607780635356903,0.8123912811279297,0.4516131281852722,0.9902912621359223,3.272766,5.3969205390821805e-33
